{"learner":{"attributes":{},"gradient_booster":{"model":{"gbtree_model_param":{"num_trees":"4","size_leaf_vector":"0"},"tree_info":[0,0,0,0],"trees":[{"base_weights":[-1.1998541E0,1.0844502E0,-1.7824374E0,1.9199275E0,-1.6964864E0,-1.625288E0,-1.9272052E0,1.9644963E0,1.4517318E0,-1.0769231E0,-1.95241E0,-1.5532832E0,-1.9603782E0,-1.4996834E0,-1.9627346E0,1.973421E0,5.0549453E-1,1.5751938E0,-8.7323946E-1,-2.1492538E-1,-1.8969957E0,4.680851E-1,-1.5592105E0,-1.6738609E0,-1.97824E0,-1.6929637E0,8.045977E-2,-1.9097792E0,-1.9887481E0],"categories":[],"categories_nodes":[],"categories_segments":[],"categories_sizes":[],"default_left":[true,true,true,true,true,true,true,true,true,true,false,true,true,true,true,false,false,false,false,false,false,false,false,false,false,false,false,false,false],"id":0,"left_children":[1,3,5,7,9,11,13,15,17,19,-1,21,23,25,27,-1,-1,-1,-1,-1,-1,-1,-1,-1,-1,-1,-1,-1,-1],"loss_changes":[3.2858324E4,1.1661543E4,4.4441797E2,7.767285E1,1.8178833E2,2.2470703E2,1.5251172E2,4.4847656E1,9.875574E1,2.4082214E2,0E0,9.387891E1,5.213379E0,2.4125793E2,9.214844E0,0E0,0E0,0E0,0E0,0E0,0E0,0E0,0E0,0E0,0E0,0E0,0E0,0E0,0E0],"parents":[2147483647,0,0,1,1,2,2,3,3,4,4,5,5,6,6,7,7,8,8,9,9,11,11,12,12,13,13,14,14],"right_children":[2,4,6,8,10,12,14,16,18,20,-1,22,24,26,28,-1,-1,-1,-1,-1,-1,-1,-1,-1,-1,-1,-1,-1,-1],"split_conditions":[5E-1,5E-1,5E-1,5E-1,5E-1,5E-1,5E-1,5E-1,5E-1,5E-1,-1.95241E0,5E-1,5E-1,5E-1,5E-1,1.973421E0,5.0549453E-1,1.5751938E0,-8.7323946E-1,-2.1492538E-1,-1.8969957E0,4.680851E-1,-1.5592105E0,-1.6738609E0,-1.97824E0,-1.6929637E0,8.045977E-2,-1.9097792E0,-1.9887481E0],"split_indices":[2,57,1,36,48,6,52,56,4,55,0,8,22,54,0,0,0,0,0,0,0,0,0,0,0,0,0,0,0],"split_type":[0,0,0,0,0,0,0,0,0,0,0,0,0,0,0,0,0,0,0,0,0,0,0,0,0,0,0,0,0],"sum_hessian":[2.468825E4,5.01675E3,1.96715E4,3.858E3,1.15875E3,9.43825E3,1.023325E4,3.51975E3,3.3825E2,3.4025E2,8.185E2,7.7735E3,1.66475E3,7.885E2,9.44475E3,3.498E3,2.175E1,3.215E2,1.675E1,1.665E2,1.7375E2,2.25E1,7.751E3,1.0325E2,1.5615E3,7.025E2,8.6E1,3.13575E3,6.309E3],"tree_param":{"num_deleted":"0","num_feature":"60","num_nodes":"29","size_leaf_vector":"0"}},{"base_weights":[-4.984217E-1,5.647074E-1,-7.5081456E-1,1.009048E0,-7.288471E-1,-5.7097036E-1,-1.0720083E0,1.0847906E0,4.1887364E-1,-2.4136652E-1,-1.0429066E0,-4.468407E-1,-8.7777996E-1,-1.7043959E-1,-1.1083311E0,1.1184683E0,7.1573794E-1,4.8720017E-1,-1.2765572E0,1.2221509E-1,-9.38584E-1,-8.8504237E-1,-1.1317993E0,-6.2053025E-1,-2.4216677E-1,-6.167088E-1,-9.656011E-1,-1.3119339E0,1.8505E-1],"categories":[],"categories_nodes":[],"categories_segments":[],"categories_sizes":[],"default_left":[true,true,true,true,true,true,true,true,true,true,true,true,true,true,false,false,false,false,false,false,false,false,false,false,false,false,false,false,false],"id":1,"left_children":[1,3,5,7,9,11,13,15,17,19,21,23,25,27,-1,-1,-1,-1,-1,-1,-1,-1,-1,-1,-1,-1,-1,-1,-1],"loss_changes":[3.2330408E3,1.3295918E3,5.618091E2,7.648779E1,9.0335175E1,2.3739478E2,1.1421997E2,1.8151611E1,2.3490173E1,5.921418E1,4.0439453E0,1.5794958E2,4.0615234E1,5.562698E1,0E0,0E0,0E0,0E0,0E0,0E0,0E0,0E0,0E0,0E0,0E0,0E0,0E0,0E0,0E0],"parents":[2147483647,0,0,1,1,2,2,3,3,4,4,5,5,6,6,7,7,8,8,9,9,10,10,11,11,12,12,13,13],"right_children":[2,4,6,8,10,12,14,16,18,20,22,24,26,28,-1,-1,-1,-1,-1,-1,-1,-1,-1,-1,-1,-1,-1,-1,-1],"split_conditions":[5E-1,5E-1,5E-1,5E-1,5E-1,5E-1,5E-1,5E-1,5E-1,5E-1,5E-1,5E-1,5E-1,5E-1,-1.1083311E0,1.1184683E0,7.1573794E-1,4.8720017E-1,-1.2765572E0,1.2221509E-1,-9.38584E-1,-8.8504237E-1,-1.1317993E0,-6.2053025E-1,-2.4216677E-1,-6.167088E-1,-9.656011E-1,-1.3119339E0,1.8505E-1],"split_indices":[50,57,36,12,54,37,4,31,46,1,55,17,15,5,0,0,0,0,0,0,0,0,0,0,0,0,0,0,0],"split_type":[0,0,0,0,0,0,0,0,0,0,0,0,0,0,0,0,0,0,0,0,0,0,0,0,0,0,0,0,0],"sum_hessian":[1.2046339E4,2.3109443E3,9.735395E3,1.7202517E3,5.906926E2,6.24272E3,3.4926746E3,1.5238444E3,1.964073E2,2.3213817E2,3.585544E2,4.4462886E3,1.7964319E3,1.354851E2,3.3571895E3,1.3945541E3,1.2929033E2,1.8948367E2,6.923628E0,1.5311646E2,7.902172E1,1.3311403E2,2.254404E2,2.4040996E3,2.042189E3,4.5420667E2,1.3422252E3,3.153481E1,1.039503E2],"tree_param":{"num_deleted":"0","num_feature":"60","num_nodes":"29","size_leaf_vector":"0"}},{"base_weights":[-2.4376622E-1,-4.5993593E-2,-8.1216556E-1,6.640443E-1,-1.8663172E-1,3.9184604E-2,-9.561606E-1,9.0001786E-1,-7.9210036E-2,-9.458371E-2,-5.191339E-1,-5.420024E-1,1.1725383E-1,-8.543742E-1,-9.8536396E-1,9.655052E-1,4.010356E-1,-1.5782639E0,1.2982185E-1,-2.8768587E-1,3.360857E-3,-1.869598E-1,-6.383822E-1,-1.1587191E-1,-1.2588906E0,-8.252163E-1,1.4561018E-1,-5.476151E-1,-9.275986E-1,-6.4644843E-1,-9.872839E-1],"categories":[],"categories_nodes":[],"categories_segments":[],"categories_sizes":[],"default_left":[true,true,true,true,true,true,true,true,true,true,true,true,true,true,true,false,false,false,false,false,false,false,false,false,false,false,false,false,false,false,false],"id":2,"left_children":[1,3,5,7,9,11,13,15,17,19,21,23,25,27,29,-1,-1,-1,-1,-1,-1,-1,-1,-1,-1,-1,-1,-1,-1,-1,-1],"loss_changes":[7.540388E2,4.971737E2,2.1230127E2,1.4443918E2,1.2713216E2,1.14726715E1,3.5605469E0,2.003122E1,6.264834E1,6.1576797E1,3.5559464E1,9.005002E0,6.066416E0,7.077759E0,1.0644531E-1,0E0,0E0,0E0,0E0,0E0,0E0,0E0,0E0,0E0,0E0,0E0,0E0,0E0,0E0,0E0,0E0],"parents":[2147483647,0,0,1,1,2,2,3,3,4,4,5,5,6,6,7,7,8,8,9,9,10,10,11,11,12,12,13,13,14,14],"right_children":[2,4,6,8,10,12,14,16,18,20,22,24,26,28,30,-1,-1,-1,-1,-1,-1,-1,-1,-1,-1,-1,-1,-1,-1,-1,-1],"split_conditions":[5E-1,5E-1,5E-1,5E-1,5E-1,5E-1,5E-1,5E-1,5E-1,5E-1,5E-1,5E-1,5E-1,5E-1,5E-1,9.655052E-1,4.010356E-1,-1.5782639E0,1.2982185E-1,-2.8768587E-1,3.360857E-3,-1.869598E-1,-6.383822E-1,-1.1587191E-1,-1.2588906E0,-8.252163E-1,1.4561018E-1,-5.476151E-1,-9.275986E-1,-6.4644843E-1,-9.872839E-1],"split_indices":[0,38,40,21,1,5,37,55,5,4,52,49,54,2,4,0,0,0,0,0,0,0,0,0,0,0,0,0,0,0,0],"split_type":[0,0,0,0,0,0,0,0,0,0,0,0,0,0,0,0,0,0,0,0,0,0,0,0,0,0,0,0,0,0,0],"sum_hessian":[6.707037E3,4.976546E3,1.7304912E3,8.2213275E2,4.154413E3,2.5045276E2,1.4800385E3,6.2385583E2,1.9827696E2,3.2546882E3,8.9972485E2,2.8954937E1,2.2149782E2,3.3671066E2,1.1433278E3,5.506523E2,7.3203514E1,2.3463095E1,1.7481386E2,1.0946328E3,2.1600554E3,2.3835075E2,6.613741E2,1.8888767E1,1.0066169E1,5.648804E0,2.1584901E2,6.6519424E1,2.7019122E2,8.342467E0,1.1349854E3],"tree_param":{"num_deleted":"0","num_feature":"60","num_nodes":"31","size_leaf_vector":"0"}},{"base_weights":[-9.121128E-2,1.0326405E-2,-5.6709486E-1,3.798994E-1,-3.806635E-2,7.477921E-5,-7.912224E-1,6.782527E-1,-6.340572E-2,-1.1711428E0,-2.6200501E-2,1.2334181E-1,-1.4280923E-1,-5.8567935E-1,-8.6026645E-1,8.075501E-1,1.1065573E-1,7.431558E-2,-1.3182815E0,-4.8255455E-1,-1.4686804E0,-1.3145642E-1,5.7890266E-2,4.2465737E-1,-1.7142257E-1,-5.69048E-1,1.1666573E-1,-1.2313619E-1,-7.3356956E-1,-3.038219E-1,-8.6942637E-1],"categories":[],"categories_nodes":[],"categories_segments":[],"categories_sizes":[],"default_left":[true,true,true,true,true,true,true,true,true,true,true,true,true,true,true,false,false,false,false,false,false,false,false,false,false,false,false,false,false,false,false],"id":3,"left_children":[1,3,5,7,9,11,13,15,17,19,21,23,25,27,29,-1,-1,-1,-1,-1,-1,-1,-1,-1,-1,-1,-1,-1,-1,-1,-1],"loss_changes":[2.3842932E2,7.2761345E1,1.1029935E2,6.234343E1,4.8337658E1,4.3638577E0,8.322205E0,2.0579575E1,3.3004128E1,6.9253006E0,3.1528492E1,1.1886631E1,1.2757746E1,1.082132E1,2.0978699E0,0E0,0E0,0E0,0E0,0E0,0E0,0E0,0E0,0E0,0E0,0E0,0E0,0E0,0E0,0E0,0E0],"parents":[2147483647,0,0,1,1,2,2,3,3,4,4,5,5,6,6,7,7,8,8,9,9,10,10,11,11,12,12,13,13,14,14],"right_children":[2,4,6,8,10,12,14,16,18,20,22,24,26,28,30,-1,-1,-1,-1,-1,-1,-1,-1,-1,-1,-1,-1,-1,-1,-1,-1],