{"learner":{"attributes":{},"gradient_booster":{"model":{"gbtree_model_param":{"num_trees":"4","size_leaf_vector":"0"},"tree_info":[0,0,0,0],"trees":[{"base_weights":[-1.1998698E0,1.5907665E0,-1.7310107E0,1.9689752E0,-1.3779697E0,-7.0918727E-1,-1.8168118E0,1.972249E0,-8.5714287E-1,1.01167314E-1,-1.7107583E0,-1.987027E0,-4.190266E-1,-1.1849056E0,-1.8253037E0,1.973885E0,-3.1578946E-1,6.666667E-1,-1.3043479E0,1.3858922E0,-1.0180506E0,-1.9670782E0,-1.6766881E0,-2.857143E-1,-1.9956522E0,5.839416E-1,-6.717815E-1,-1.4935251E0,-9.410456E-1,-1.8945596E0,-1.816122E0],"categories":[],"categories_nodes":[],"categories_segments":[],"categories_sizes":[],"default_left":[true,true,true,true,true,true,true,true,true,true,true,true,true,true,true,false,false,false,false,false,false,false,false,false,false,false,false,false,false,false,false],"id":0,"left_children":[1,3,5,7,9,11,13,15,17,19,21,23,25,27,29,-1,-1,-1,-1,-1,-1,-1,-1,-1,-1,-1,-1,-1,-1,-1,-1],"loss_changes":[5.6921895E4,6.8975576E3,2.8271953E3,5.208789E1,3.420338E2,9.263927E2,1.5754688E2,2.099414E1,5.639752E0,1.8617938E2,1.6533203E0,6.2165527E0,5.173526E2,2.8510376E1,1.5234375E1,0E0,0E0,0E0,0E0,0E0,0E0,0E0,0E0,0E0,0E0,0E0,0E0,0E0,0E0,0E0,0E0],"parents":[2147483647,0,0,1,1,2,2,3,3,4,4,5,5,6,6,7,7,8,8,9,9,10,10,11,11,12,12,13,13,14,14],"right_children":[2,4,6,8,10,12,14,16,18,20,22,24,26,28,30,-1,-1,-1,-1,-1,-1,-1,-1,-1,-1,-1,-1,-1,-1,-1,-1],"split_conditions":[5E-1,5E-1,5E-1,5E-1,5E-1,5E-1,5E-1,5E-1,5E-1,5E-1,5E-1,5E-1,5E-1,5E-1,5E-1,1.973885E0,-3.1578946E-1,6.666667E-1,-1.3043479E0,1.3858922E0,-1.0180506E0,-1.9670782E0,-1.6766881E0,-2.857143E-1,-1.9956522E0,5.839416E-1,-6.717815E-1,-1.4935251E0,-9.410456E-1,-1.8945596E0,-1.816122E0],"split_indices":[56,57,36,2,18,59,51,26,1,1,5,50,55,5,5,0,0,0,0,0,0,0,0,0,0,0,0,0,0,0,0],"split_type":[0,0,0,0,0,0,0,0,0,0,0,0,0,0,0,0,0,0,0,0,0,0,0,0,0,0,0,0,0,0,0],"sum_hessian":[3.840025E4,6.13975E3,3.22605E4,5.44625E3,6.935E2,2.49975E3,2.976075E4,5.44025E3,6E0,1.275E2,5.66E2,4.615E2,2.03825E3,3.965E2,2.936425E4,5.4365E3,3.75E0,1.25E0,4.75E0,5.925E1,6.825E1,5.975E1,5.0625E2,2.5E0,4.59E2,4.1E2,1.62825E3,1.7275E2,2.2375E2,3.41325E3,2.5951E4],"tree_param":{"num_deleted":"0","num_feature":"60","num_nodes":"31","size_leaf_vector":"0"}},{"base_weights":[-4.7994798E-1,8.5599697E-1,-7.0309937E-1,1.0747331E0,-4.201433E-1,-1.14980385E-1,-7.8575164E-1,1.0816617E0,-1.3518856E0,2.290491E-1,-6.3151956E-1,-1.3311968E0,-1.0786593E-3,-1.6705373E-1,-7.979291E-1,1.1212274E0,9.20755E-1,-3.4363028E-1,-1.5702351E0,4.3699604E-1,-5.2954745E-1,-2.5002095E-1,-7.0082283E-1,6.5940064E-1,-1.3579208E0,-1.1336492E0,6.473061E-2,-2.925215E-1,3.2538825E-1,-9.193608E-1,-7.828132E-1],"categories":[],"categories_nodes":[],"categories_segments":[],"categories_sizes":[],"default_left":[true,true,true,true,true,true,true,true,true,true,true,true,true,true,true,false,false,false,false,false,false,false,false,false,false,false,false,false,false,false,false],"id":1,"left_children":[1,3,5,7,9,11,13,15,17,19,21,23,25,27,29,-1,-1,-1,-1,-1,-1,-1,-1,-1,-1,-1,-1,-1,-1,-1,-1],"loss_changes":[5.688692E3,7.62874E2,7.9465625E2,4.066919E1,5.508635E1,2.7924173E2,1.07868164E2,1.37751465E1,1.0199299E0,1.5860558E1,7.8174057E0,1.0078003E1,1.3752509E2,1.7269344E1,2.5083984E1,0E0,0E0,0E0,0E0,0E0,0E0,0E0,0E0,0E0,0E0,0E0,0E0,0E0,0E0,0E0,0E0],"parents":[2147483647,0,0,1,1,2,2,3,3,4,4,5,5,6,6,7,7,8,8,9,9,10,10,11,11,12,12,13,13,14,14],"right_children":[2,4,6,8,10,12,14,16,18,20,22,24,26,28,30,-1,-1,-1,-1,-1,-1,-1,-1,-1,-1,-1,-1,-1,-1,-1,-1],"split_conditions":[5E-1,5E-1,5E-1,5E-1,5E-1,5E-1,5E-1,5E-1,5E-1,5E-1,5E-1,5E-1,5E-1,5E-1,5E-1,1.1212274E0,9.20755E-1,-3.4363028E-1,-1.5702351E0,4.3699604E-1,-5.2954745E-1,-2.5002095E-1,-7.0082283E-1,6.5940064E-1,-1.3579208E0,-1.1336492E0,6.473061E-2,-2.925215E-1,3.2538825E-1,-9.193608E-1,-7.828132E-1],"split_indices":[2,45,0,50,54,33,57,54,19,56,55,50,59,58,5,0,0,0,0,0,0,0,0,0,0,0,0,0,0,0,0],"split_type":[0,0,0,0,0,0,0,0,0,0,0,0,0,0,0,0,0,0,0,0,0,0,0,0,0,0,0,0,0,0,0],"sum_hessian":[1.9079E4,2.730346E3,1.6348655E4,2.3309658E3,3.9938013E2,2.0147722E3,1.4333883E4,2.3248818E3,6.0837846E0,9.807678E1,3.0130334E2,1.7161539E2,1.8431567E3,2.769638E2,1.4056919E4,1.8612468E3,4.636351E2,1.5411415E0,4.542643E0,7.730879E1,2.076799E1,4.702871E1,2.5427464E2,1.9598175E0,1.6965558E2,1.0032625E2,1.7428306E3,2.210493E2,5.5914497E1,1.5494865E3,1.2507433E4],"tree_param":{"num_deleted":"0","num_feature":"60","num_nodes":"31","size_leaf_vector":"0"}},{"base_weights":[-2.0159768E-1,6.5588677E-1,-3.1149265E-1,9.0425855E-1,-1.3861774E-1,-4.3201845E-2,-3.758281E-1,9.931239E-1,6.0246164E-1,-1.2159541E0,-6.295075E-2,-1.387052E0,5.8865976E-3,9.550583E-3,-3.8864866E-1,9.976219E-1,-1.0127189E0,6.352728E-1,-1.245655E0,-1.8617398E0,-1.0121689E0,3.5097378E-1,-2.0660536E-1,-1.1440022E0,-2.0712166E0,-1.0326724E0,3.872083E-2,-4.449154E-1,3.3118674E-1,-5.639284E-1,-3.6960143E-1],"categories":[],"categories_nodes":[],"categories_segments":[],"categories_sizes":[],"default_left":[true,true,true,true,true,true,true,true,true,true,true,true,true,true,true,false,false,false,false,false,false,false,false,false,false,false,false,false,false,false,false],"id":2,"left_children":[1,3,5,7,9,11,13,15,17,19,21,23,25,27,29,-1,-1,-1,-1,-1,-1,-1,-1,-1,-1,-1,-1,-1,-1,-1,-1],"loss_changes":[1.0169901E3,2.4207178E2,1.650816E2,2.4456604E1,2.379802E1,1.2212473E2,3.812097E1,7.5078125E0,1.3831772E1,6.378021E-1,1.6407154E1,8.479187E0,6.097452E1,3.659785E1,2.4719116E1,0E0,0E0,0E0,0E0,0E0,0E0,0E0,0E0,0E0,0E0,0E0,0E0,0E0,0E0,0E0,0E0],"parents":[2147483647,0,0,1,1,2,2,3,3,4,4,5,5,6,6,7,7,8,8,9,9,10,10,11,11,12,12,13,13,14,14],"right_children":[2,4,6,8,10,12,14,16,18,20,22,24,26,28,30,-1,-1,-1,-1,-1,-1,-1,-1,-1,-1,-1,-1,-1,-1,-1,-1],"split_conditions":[5E-1,5E-1,5E-1,5E-1,5E-1,5E-1,5E-1,5E-1,5E-1,5E-1,5E-1,5E-1,5E-1,5E-1,5E-1,9.976219E-1,-1.0127189E0,6.352728E-1,-1.245655E0,-1.8617398E0,-1.0121689E0,3.5097378E-1,-2.0660536E-1,-1.1440022E0,-2.0712166E0,-1.0326724E0,3.872083E-2,-4.449154E-1,3.3118674E-1,-5.639284E-1,-3.6960143E-1],"split_indices":[8,3,54,54,5,58,15,38,58,18,55,33,59,5,5,0,0,0,0,0,0,0,0,0,0,0,0,0,0,0,0],"split_type":[0,0,0,0,0,0,0,0,0,0,0,0,0,0,0,0,0,0,0,0,0,0,0,0,0,0,0,0,0,0,0],"sum_hessian":[1.0789099E4,1.2250847E3,9.564014E3,9.332128E2,2.9187186E2,1.8501622E3,7.7138516E3,7.1916205E2,2.1405083E2,1.8165411E1,2.7370645E2,6.424089E1,1.7859214E3,2.4836601E2,7.4654854E3,7.1805444E2,1.1075581E0,2.1096172E2,3.0891201E0,2.405788E0,1.5759623E1,7.014587E1,2.035606E2,4.9373158E1,1.486773E1,5.3798664E1,1.7321227E3,1.0277025E2,1.4559576E2,7.2893536E2,6.73655E3],"tree_param":{"num_deleted":"0","num_feature":"60","num_nodes":"31","size_leaf_vector":"0"}},{"base_weights":[-3.0278081E-2,4.0765172E-1,-7.0007935E-2,6.9150615E-1,-3.3304974E-2,-3.4754407E-1,-6.077488E-2,8.7884414E-1,2.5180817E-1,-1.0300214E0,4.776513E-3,-1.2163305E0,-1.9062415E-1,8.071352E-2,-8.041643E-2,8.924465E-1,-9.8967516E-1,6.706983E-1,-2.7006455E-2,-5.3850595E-2,5.2950835E-1,-9.7621477E-1,-1.5808104E0,-1.0871521E0,-1.6318066E-2,1.4855956E0,6.760434E-2,5.9574246E-1,-8.5626975E-2],"categories":[],"categories_nodes":[],"categories_segments":[],"categories_sizes":[],"default_left":[true,true,true,true,true,true,true,true,true,false,true,true,true,true,true,false,false,false,false,false,false,false,false,false,false,false,false,false,false],"id":3,"left_children":[1,3,5,7,9,11,13,15,17,-1,19,21,23,25,27,-1,-1,-1,-1,-1,-1,-1,-1,-1,-1,-1,-1,-1,-1],"loss_changes":[1.3941472E2,8.3445656E1,1.8802345E1,3.3182266E1,9.948279E0,3.198249E1,1.9766739E1,8.10051E0,1.4331971E1,0E0,7.821599E0,1.6043129E0,3.1444536E1,1.5871616E1,2.2050175E1,0E0,0E0,0E0,0E0,0E0,0E0,0E0,0E0,0E0,0E0,0E0,0E0,0E0,0E0],"parents":[2147483647,0,0,1,1,2,2,3,3,4,4,5,5,6,6,7,7,8,8,10,10,11,11,12,12,13,13,14,14],"right_children":[2,4,6,8,10,12,14,16,18,-1,20,22,24,26,28,-1,-1,-1,-1,-1,-1,-1,-1,-1,-1,-1,-1,-1,-1],